City_ID,City,Country,Date,Lat,Lng,Max Temp,Humidity,Cloudiness,Wind Speed
0,Thompson,CA,2020-10-30 23:30:06,55.74,-97.86,19.4,73,90,4.7
1,Bonoua,CI,2020-10-30 23:36:16,5.27,-3.6,78.8,100,20,2.24
2,Ushuaia,AR,2020-10-30 23:30:02,-54.8,-68.3,50.0,71,75,20.8
3,Severo-Kurilsk,RU,2020-10-30 23:31:07,50.68,156.12,42.06,91,100,33.42
4,Tevaitoa,PF,2020-10-30 23:36:17,-16.78,-151.5,79.52,80,2,16.98
5,Arraial Do Cabo,BR,2020-10-30 23:29:08,-22.97,-42.03,71.38,89,100,34.07
6,Iqaluit,CA,2020-10-30 23:30:12,63.75,-68.51,12.2,72,75,4.7
7,Jamestown,US,2020-10-30 23:30:06,42.1,-79.24,36.0,98,90,4.61
8,Ilulissat,GL,2020-10-30 23:30:58,69.22,-51.1,19.4,67,100,4.7
9,Qaanaaq,GL,2020-10-30 23:30:09,77.48,-69.36,12.47,86,91,4.81
10,Hermanus,ZA,2020-10-30 23:30:12,-34.42,19.23,45.0,91,0,11.86
11,Naze,JP,2020-10-30 23:30:27,28.37,129.48,75.2,60,40,20.8
12,Ribeira Grande,PT,2020-10-30 23:30:15,38.52,-28.7,68.95,92,100,12.44
13,Bluff,NZ,2020-10-30 23:30:10,-46.6,168.33,54.0,98,100,11.99
14,Minas De Barroteran,MX,2020-10-30 23:36:17,27.63,-101.28,64.44,40,0,6.42
15,Lagoa,PT,2020-10-30 23:30:50,39.05,-27.98,67.33,90,100,7.72
16,Clyde River,CA,2020-10-30 23:30:35,70.47,-68.59,14.0,92,75,13.87
17,Hualmay,PE,2020-10-30 23:31:25,-11.1,-77.61,63.03,84,99,4.99
18,Kapaa,US,2020-10-30 23:30:07,22.08,-159.32,82.99,69,20,9.17
19,Puerto Baquerizo Moreno,EC,2020-10-30 23:32:31,-0.9,-89.6,69.37,91,90,11.43
20,Avarua,CK,2020-10-30 23:30:09,-21.21,-159.78,77.0,73,99,10.29
21,Busselton,AU,2020-10-30 23:30:09,-33.65,115.33,70.0,64,15,7.61
22,Nabire,ID,2020-10-30 23:30:46,-3.37,135.48,85.06,62,81,1.36
23,Fortuna,US,2020-10-30 23:30:53,40.6,-124.16,61.0,59,1,10.29
24,Port Lincoln,AU,2020-10-30 23:30:45,-34.73,135.87,58.3,76,55,10.22
25,Chokurdakh,RU,2020-10-30 23:31:16,70.63,147.92,9.5,96,100,7.23
26,Rikitea,PF,2020-10-30 23:30:06,-23.12,-134.97,76.21,64,0,3.87
27,Bredasdorp,ZA,2020-10-30 23:31:04,-34.53,20.04,48.2,81,5,2.24
28,Nantucket,US,2020-10-30 23:26:40,41.28,-70.1,41.0,86,90,19.46
29,Lakatoro,VU,2020-10-30 23:34:06,-16.1,167.42,84.2,74,75,9.17
30,Albany,US,2020-10-30 23:28:34,42.6,-73.97,33.01,88,79,3.29
31,Mataura,NZ,2020-10-30 23:30:08,-46.19,168.86,54.0,98,100,11.99
32,Pangnirtung,CA,2020-10-30 23:31:35,66.15,-65.71,12.2,78,20,2.24
33,Porto Seguro,BR,2020-10-30 23:36:18,-16.45,-39.06,77.0,83,0,6.93
34,San Patricio,US,2020-10-30 23:30:52,28.02,-97.52,68.0,45,20,10.29
35,Liverpool,GB,2020-10-30 23:31:01,53.41,-2.98,50.0,93,90,8.05
36,Inuvik,CA,2020-10-30 23:32:52,68.35,-133.72,6.8,84,86,3.36
37,Kampene,CD,2020-10-30 23:36:18,-3.6,26.67,67.24,96,82,1.05
38,Puerto Ayora,EC,2020-10-30 23:30:16,-0.74,-90.35,70.0,92,66,5.01
39,Benguela,AO,2020-10-30 23:36:18,-12.58,13.41,76.78,81,100,5.59
40,Ahipara,NZ,2020-10-30 23:30:55,-35.17,173.17,67.91,82,29,13.69
41,Barrow,US,2020-10-30 23:30:24,71.29,-156.79,15.8,78,1,11.41
42,Ixtapa,MX,2020-10-30 23:36:18,20.7,-105.2,84.2,70,20,8.05
43,Mar Del Plata,AR,2020-10-30 23:26:43,-38.0,-57.56,57.0,81,0,4.7
44,Krasnokamensk,RU,2020-10-30 23:36:18,50.1,118.04,29.01,98,100,16.08
45,Geraldton,AU,2020-10-30 23:30:12,-28.77,114.6,69.8,77,90,10.29
46,Upernavik,GL,2020-10-30 23:30:17,72.79,-56.15,20.43,96,94,2.68
47,Poum,NC,2020-10-30 23:31:03,-20.23,164.02,78.89,75,47,21.99
48,Martapura,ID,2020-10-30 23:36:19,-3.42,114.85,80.96,84,99,2.44
49,Hilo,US,2020-10-30 23:30:10,19.73,-155.09,84.2,70,90,8.05
50,Sao Felix Do Xingu,BR,2020-10-30 23:30:12,-6.64,-51.99,70.36,95,100,1.28
51,Wagar,SD,2020-10-30 23:36:19,16.15,36.2,79.59,48,0,7.09
52,Lorengau,PG,2020-10-30 23:31:18,-2.02,147.27,86.13,63,96,0.54
53,Nikolskoye,RU,2020-10-30 23:30:17,59.7,30.79,46.0,100,90,4.47
54,Dikson,RU,2020-10-30 23:30:28,73.51,80.55,13.82,96,100,27.49
55,Alta Floresta,BR,2020-10-30 23:35:29,-9.88,-56.09,73.11,95,98,5.17
56,Kalulushi,ZM,2020-10-30 23:36:19,-12.84,28.09,66.38,51,2,6.08
57,Svetlyy,RU,2020-10-30 23:36:19,54.67,20.13,48.0,100,75,2.24
58,Saint-Philippe,RE,2020-10-30 23:30:27,-21.36,55.77,68.0,64,90,24.16
59,Atuona,PF,2020-10-30 23:30:08,-9.8,-139.03,77.92,73,76,10.51
60,Saint Anthony,US,2020-10-30 23:31:08,45.02,-93.22,43.0,52,1,9.17
61,Andenes,NO,2020-10-30 23:36:19,69.31,16.12,34.0,69,0,16.11
62,Takaungu,KE,2020-10-30 23:36:19,-3.68,39.86,76.41,84,83,7.99
63,Haines Junction,CA,2020-10-30 23:30:34,60.75,-137.51,21.2,62,100,10.29
64,Campo Grande,BR,2020-10-30 23:36:20,-20.44,-54.65,69.8,83,40,6.93
65,Katsuura,JP,2020-10-30 23:30:17,35.13,140.3,60.01,38,0,7.0
66,East London,ZA,2020-10-30 23:30:44,-33.02,27.91,61.9,68,100,2.21
67,Tezu,IN,2020-10-30 23:36:20,27.92,96.17,73.81,39,22,4.05
68,Kavieng,PG,2020-10-30 23:30:57,-2.57,150.8,83.21,75,97,7.96
69,Lata,PT,2020-10-30 23:36:20,40.16,-8.33,61.0,94,0,1.68
70,Talnakh,RU,2020-10-30 23:30:14,69.49,88.4,14.0,78,100,24.61
71,Castro,BR,2020-10-30 23:29:33,-24.79,-50.01,53.91,93,100,11.1
72,Hobart,AU,2020-10-30 23:25:13,-42.88,147.33,64.0,58,20,5.82
73,Zyryanovsk,KZ,2020-10-30 23:36:20,49.74,84.27,27.68,98,100,1.28
74,Arlit,NE,2020-10-30 23:36:20,18.74,7.39,76.82,18,0,12.71
75,Punta Arenas,CL,2020-10-30 23:30:19,-53.15,-70.92,53.6,58,75,29.97
76,Ibra,OM,2020-10-30 23:36:20,22.69,58.53,63.84,47,0,4.72
77,Madimba,TZ,2020-10-30 23:27:07,-10.4,40.33,76.06,83,17,5.12
78,Vaini,TO,2020-10-30 23:30:13,-21.2,-175.2,77.0,73,40,13.87
79,Pisco,PE,2020-10-30 23:31:19,-13.7,-76.22,64.4,77,40,9.17
80,Coquimbo,CL,2020-10-30 23:31:32,-29.95,-71.34,53.6,87,40,10.29
81,Yellowknife,CA,2020-10-30 23:30:25,62.46,-114.35,17.6,85,75,8.05
82,Longyearbyen,SJ,2020-10-30 23:30:57,78.22,15.64,17.6,72,0,5.82
83,Talara,PE,2020-10-30 23:36:20,-4.58,-81.27,64.33,87,96,13.91
84,Bani Walid,LY,2020-10-30 23:36:20,31.76,13.99,60.96,77,41,8.14
85,New Norfolk,AU,2020-10-30 23:30:18,-42.78,147.06,64.0,49,1,5.01
86,Butaritari,KI,2020-10-30 23:30:01,3.07,172.79,82.56,77,72,20.2
87,Esperance,AU,2020-10-30 23:31:05,-33.87,121.9,64.4,48,0,21.92
88,Fort Abbas,PK,2020-10-30 23:36:21,29.19,72.85,67.64,25,0,6.46
89,Maniitsoq,GL,2020-10-30 23:30:01,65.42,-52.9,21.56,86,81,6.6
90,Te Anau,NZ,2020-10-30 23:36:21,-45.42,167.72,52.39,92,100,3.67
91,Airai,TL,2020-10-30 23:36:21,-8.93,125.41,71.8,62,5,2.37
92,Korla,CN,2020-10-30 23:29:48,41.76,86.15,39.0,66,0,5.01
93,Saint George,US,2020-10-30 23:30:16,37.1,-113.58,78.01,15,1,2.17
94,Bubaque,GW,2020-10-30 23:36:19,11.28,-15.83,83.68,76,61,10.71
95,Nandurbar,IN,2020-10-30 23:36:21,21.37,74.25,72.81,49,0,1.07
96,Cidreira,BR,2020-10-30 23:30:26,-30.18,-50.21,64.6,66,80,11.39
97,Dagshai,IN,2020-10-30 23:36:21,30.88,77.05,60.8,82,5,1.12
98,Hithadhoo,MV,2020-10-30 23:30:35,-0.6,73.08,83.08,76,90,10.09
99,Marzuq,YE,2020-10-30 23:32:17,14.4,46.47,64.26,49,0,2.24
100,Ugoofaaru,MV,2020-10-30 23:36:21,5.67,73.0,82.09,75,58,8.37
101,Taltal,CL,2020-10-30 23:30:54,-25.4,-70.48,59.41,66,21,4.56
102,Ust-Kuyga,RU,2020-10-30 23:31:20,70.02,135.6,3.99,93,100,1.86
103,Cabo San Lucas,MX,2020-10-30 23:30:10,22.89,-109.91,82.4,51,40,5.82
104,Luderitz,NA,2020-10-30 23:30:34,-26.65,15.16,60.01,57,100,28.21
105,Provideniya,RU,2020-10-30 23:30:20,64.38,-173.3,24.69,88,90,7.78
106,Cape Town,ZA,2020-10-30 23:26:28,-33.93,18.42,57.99,62,0,18.34
107,Kaeo,NZ,2020-10-30 23:36:22,-35.1,173.78,75.99,69,25,17.0
108,Loikaw,MM,2020-10-30 23:36:22,19.67,97.21,65.79,96,91,1.19
109,Yuci,CN,2020-10-30 23:36:22,37.68,112.73,50.0,43,37,6.71
110,Bethel,US,2020-10-30 23:29:30,41.37,-73.41,35.6,80,90,5.82
111,Alofi,NU,2020-10-30 23:30:17,-19.06,-169.92,78.8,74,75,23.04
112,Faya,SA,2020-10-30 23:30:01,18.39,42.45,59.0,78,0,1.19
113,Castrillon,ES,2020-10-30 23:36:22,43.4,-6.79,59.0,72,0,10.29
114,Pevek,RU,2020-10-30 23:31:39,69.7,170.31,19.98,96,94,5.77
115,Buala,SB,2020-10-30 23:36:22,-8.14,159.59,85.39,65,54,1.54
116,Kodiak,US,2020-10-30 23:30:51,57.79,-152.41,32.0,81,90,8.05
117,Cabedelo,BR,2020-10-30 23:36:22,-6.98,-34.83,77.0,88,20,6.93
118,Constitucion,CL,2020-10-30 23:30:39,-35.33,-72.42,58.26,70,0,8.81
119,Port Alfred,ZA,2020-10-30 23:30:32,-33.59,26.89,60.48,62,86,3.18
120,Tiksi,RU,2020-10-30 23:30:45,71.69,128.87,8.17,95,100,4.94
121,Suileng,CN,2020-10-30 23:36:22,47.25,127.08,41.09,63,100,18.16
122,Aasiaat,GL,2020-10-30 23:36:22,68.71,-52.87,19.09,95,99,3.44
123,Samarai,PG,2020-10-30 23:36:21,-10.62,150.67,82.26,75,91,7.96
124,Sao Filipe,CV,2020-10-30 23:31:03,14.9,-24.5,81.61,57,88,14.94
125,Port Moresby,PG,2020-10-30 23:33:01,-9.44,147.18,80.6,83,40,5.82
126,Meadow Lake,US,2020-10-30 23:33:04,34.8,-106.54,63.0,33,20,5.82
127,Teguise,ES,2020-10-30 23:33:05,29.06,-13.56,77.0,41,0,17.22
128,Hambantota,LK,2020-10-30 23:36:23,6.12,81.12,78.35,81,100,6.64
129,Itarema,BR,2020-10-30 23:36:23,-2.92,-39.92,78.42,78,28,12.46
130,Baijiantan,CN,2020-10-30 23:36:23,45.63,85.18,36.05,75,59,5.41
131,Souillac,MU,2020-10-30 23:30:56,-20.52,57.52,68.0,56,40,17.22
132,Port Hardy,CA,2020-10-30 23:31:10,50.7,-127.42,50.0,66,40,10.29
133,Sovetskiy,RU,2020-10-30 23:36:23,61.36,63.58,29.91,97,87,7.76
134,Vila Velha,BR,2020-10-30 23:30:10,-20.33,-40.29,77.0,88,90,8.05
135,Kumluca,TR,2020-10-30 23:36:23,36.37,30.29,66.22,70,16,3.62
136,Taywarah,AF,2020-10-30 23:36:23,33.35,64.42,19.44,77,0,2.73
137,Nanortalik,GL,2020-10-30 23:31:19,60.14,-45.24,27.99,92,99,7.87
138,Santa Cruz Cabralia,BR,2020-10-30 23:36:23,-16.28,-39.02,77.0,83,0,6.93
139,Vardo,NO,2020-10-30 23:30:27,70.37,31.11,34.21,87,83,9.82
140,Komsomolskiy,UZ,2020-10-30 23:36:24,40.43,71.72,37.4,55,0,4.7
141,Hasaki,JP,2020-10-30 23:28:56,35.73,140.83,52.0,66,20,4.7
142,Qui Nhon,VN,2020-10-30 23:36:24,13.77,109.23,78.85,87,35,10.85
143,Tilichiki,RU,2020-10-30 23:36:24,60.47,166.1,29.61,97,45,1.95
144,Georgetown,MY,2020-10-30 23:30:06,5.41,100.34,80.6,88,20,5.37
145,Tilbury,GB,2020-10-30 23:36:24,51.46,0.36,59.0,87,98,12.41
146,Salisbury,GB,2020-10-30 23:33:35,51.07,-1.8,57.99,100,100,16.64
147,Dumas,US,2020-10-30 23:36:24,35.87,-101.97,64.4,42,1,12.75
148,Springbok,ZA,2020-10-30 23:36:24,-29.66,17.89,53.28,41,41,8.14
149,Quanzhou,CN,2020-10-30 23:36:24,24.91,118.59,68.0,60,0,13.42
150,Tasiilaq,GL,2020-10-30 23:30:10,65.61,-37.64,35.6,80,100,27.51
151,Ponta Do Sol,PT,2020-10-30 23:30:18,32.67,-17.1,68.0,77,20,13.87
152,Goma,CD,2020-10-30 23:36:24,-1.68,29.22,62.71,79,95,2.59
153,Joao Pinheiro,BR,2020-10-30 23:36:24,-17.74,-46.17,72.48,90,100,4.94
154,Aklavik,CA,2020-10-30 23:31:35,68.22,-135.01,5.0,84,75,5.82
155,Hervey Bay,AU,2020-10-30 23:31:14,-25.3,152.85,82.99,51,3,24.16
156,Bathsheba,BB,2020-10-30 23:31:12,13.22,-59.52,82.4,78,40,21.92
157,Baruun-Urt,MN,2020-10-30 23:31:23,46.68,113.28,32.74,85,66,17.49
158,Hede,CN,2020-10-30 23:36:25,33.77,120.25,57.9,60,0,4.81
159,Seydi,TM,2020-10-30 23:36:25,39.48,62.91,40.95,58,0,5.21
160,Sioux Lookout,CA,2020-10-30 23:30:46,50.1,-91.92,30.2,74,90,10.29
161,Leningradskiy,RU,2020-10-30 23:30:51,69.38,178.42,18.72,94,62,19.24
162,Salalah,OM,2020-10-30 23:31:05,17.02,54.09,75.2,60,0,5.82
163,Korem,ET,2020-10-30 23:36:25,12.51,39.52,49.57,68,26,0.29
164,Iwanai,JP,2020-10-30 23:31:32,42.97,140.51,49.51,70,47,5.28
165,Mount Gambier,AU,2020-10-30 23:30:37,-37.83,140.77,53.6,81,90,12.75
166,Montepuez,MZ,2020-10-30 23:36:25,-13.13,39.0,70.23,88,88,2.71
167,Tuktoyaktuk,CA,2020-10-30 23:30:32,69.45,-133.04,6.8,92,75,10.29
168,Trat,TH,2020-10-30 23:36:25,12.5,102.5,76.24,90,53,3.65
169,Tyukhtet,RU,2020-10-30 23:36:26,56.54,89.3,23.86,98,100,0.56
170,Isangel,VU,2020-10-30 23:36:26,-19.55,169.27,78.8,83,75,5.82
171,Torbay,CA,2020-10-30 23:29:11,47.67,-52.73,36.0,59,90,10.29
172,Kruisfontein,ZA,2020-10-30 23:30:41,-34.0,24.73,48.99,91,0,1.01
173,Namatanai,PG,2020-10-30 23:31:33,-3.67,152.43,85.93,62,62,4.92
174,Grindavik,IS,2020-10-30 23:30:43,63.84,-22.43,39.2,100,90,6.93
175,Lakes Entrance,AU,2020-10-30 23:30:15,-37.88,147.98,68.0,78,26,5.99
176,Tuatapere,NZ,2020-10-30 23:31:01,-46.13,167.68,54.0,98,100,11.99
177,Buin,CL,2020-10-30 23:31:20,-33.73,-70.75,73.4,33,0,4.7
178,Nizhnevartovsk,RU,2020-10-30 23:31:19,60.93,76.55,33.8,100,90,6.71
179,Manjacaze,MZ,2020-10-30 23:36:26,-24.71,33.88,71.17,87,41,7.58
180,Kovur,IN,2020-10-30 23:36:26,14.48,79.98,75.2,76,0,4.9
181,Chumikan,RU,2020-10-30 23:31:17,54.72,135.31,33.94,89,95,2.24
182,Champerico,GT,2020-10-30 23:31:25,14.3,-91.92,84.2,79,75,6.93
183,Aginskoye,RU,2020-10-30 23:36:26,51.1,114.53,28.15,95,100,13.94
184,Cap Malheureux,MU,2020-10-30 23:30:08,-19.98,57.61,64.0,64,0,3.0
185,Kaitangata,NZ,2020-10-30 23:30:34,-46.28,169.85,60.01,87,100,17.0
186,Lakselv,NO,2020-10-30 23:31:43,70.05,24.97,32.0,92,40,9.17
187,Araouane,ML,2020-10-30 23:30:58,18.9,-3.53,84.0,14,54,8.41
188,Chara,RU,2020-10-30 23:36:26,56.91,118.26,8.47,80,6,1.28
189,Kuusamo,FI,2020-10-30 23:36:26,65.97,29.18,23.0,92,0,2.24
190,Nazareno,MX,2020-10-30 23:36:26,25.38,-103.42,78.8,29,20,4.45
191,Guerrero Negro,MX,2020-10-30 23:32:10,27.98,-114.06,75.96,31,18,11.36
192,Makakilo City,US,2020-10-30 23:30:07,21.35,-158.09,86.0,58,20,16.11
193,Bengkulu,ID,2020-10-30 23:31:40,-3.8,102.27,76.33,85,70,2.75
194,Dolores,AR,2020-10-30 23:36:27,-36.31,-57.68,47.25,76,2,6.78
195,Garden City,US,2020-10-30 23:36:27,42.33,-83.33,39.2,59,90,8.05
196,Pepel,SL,2020-10-30 23:36:27,8.58,-13.06,77.49,89,7,3.69
197,Buta,CD,2020-10-30 23:36:27,2.79,24.73,69.73,98,100,0.96
198,Faanui,PF,2020-10-30 23:30:09,-16.48,-151.75,78.94,82,2,17.0
199,Husavik,IS,2020-10-30 23:31:36,66.04,-17.34,35.6,80,40,11.41
200,Carnarvon,AU,2020-10-30 23:30:13,-24.87,113.63,73.4,78,90,2.24
201,Ewa Beach,US,2020-10-30 23:36:27,21.32,-158.01,86.0,58,20,16.11
202,Puerto Madryn,AR,2020-10-30 23:36:25,-42.77,-65.04,64.29,36,17,11.59
203,Arboletes,CO,2020-10-30 23:36:27,8.85,-76.43,79.83,80,90,5.39
204,Comodoro Rivadavia,AR,2020-10-30 23:30:48,-45.87,-67.5,66.2,42,0,5.82
205,Mahebourg,MU,2020-10-30 23:30:20,-20.41,57.7,68.0,56,40,17.22
206,Marsa Matruh,EG,2020-10-30 23:36:27,31.35,27.25,71.6,64,75,8.05
207,Lebu,CL,2020-10-30 23:30:26,-37.62,-73.65,52.21,87,0,12.86
208,Boissevain,CA,2020-10-30 23:36:28,49.23,-100.06,37.99,100,90,14.99
209,Tutoia,BR,2020-10-30 23:36:28,-2.76,-42.27,80.73,75,24,13.65
210,Rawson,AR,2020-10-30 23:30:26,-43.3,-65.1,64.76,29,0,12.91
211,Mildura,AU,2020-10-30 23:36:28,-34.2,142.15,60.8,77,90,9.17
212,Birao,CF,2020-10-30 23:36:28,10.28,22.79,74.59,45,55,1.92
213,Navahrudak,BY,2020-10-30 23:36:28,53.6,25.83,43.0,91,97,5.35
214,Saskylakh,RU,2020-10-30 23:30:17,71.92,114.08,-2.24,82,2,5.66
215,Port Elizabeth,ZA,2020-10-30 23:31:41,-33.92,25.57,51.8,81,20,2.24
216,Kilindoni,TZ,2020-10-30 23:36:28,-7.91,39.67,78.48,78,35,7.99
217,Paamiut,GL,2020-10-30 23:30:25,61.99,-49.67,26.38,83,77,14.94
218,Vestmanna,FO,2020-10-30 23:36:28,62.16,-7.17,48.2,81,49,17.22
219,Flinders,AU,2020-10-30 23:30:29,-34.58,150.86,63.0,96,100,5.99
220,Tual,ID,2020-10-30 23:31:52,-5.67,132.75,83.71,69,48,8.57
221,Kavaratti,IN,2020-10-30 23:31:26,10.57,72.64,82.27,72,73,9.4
222,Victoria,HK,2020-10-30 23:26:53,22.29,114.16,73.0,79,91,15.37
223,Nome,US,2020-10-30 23:30:39,64.5,-165.41,27.0,68,20,9.17
224,Avera,US,2020-10-30 23:30:43,33.19,-82.53,64.4,68,1,9.93
225,Vila Franca Do Campo,PT,2020-10-30 23:36:29,37.72,-25.43,69.8,88,75,13.87
226,Sladkovo,RU,2020-10-30 23:36:29,55.53,70.34,28.6,98,48,8.08
227,Bosaso,SO,2020-10-30 23:36:29,11.28,49.18,79.93,72,74,3.8
228,Asfi,MA,2020-10-30 23:36:29,32.3,-9.24,68.88,63,11,8.34
229,Meulaboh,ID,2020-10-30 23:36:29,4.14,96.13,76.82,84,100,3.85
230,College,US,2020-10-30 23:31:09,64.86,-147.8,15.01,85,90,1.74
231,Les Cayes,HT,2020-10-30 23:31:35,18.2,-73.75,79.21,77,88,4.45
232,Bilibino,RU,2020-10-30 23:36:29,68.05,166.44,6.4,89,99,1.48
233,Tromso,NO,2020-10-30 23:33:13,69.65,18.96,25.0,92,0,29.97
234,Abalak,RU,2020-10-30 23:36:30,58.13,68.59,27.9,98,89,7.63
235,Banda Aceh,ID,2020-10-30 23:31:09,5.56,95.32,80.15,75,77,8.03
236,Sevierville,US,2020-10-30 23:36:30,35.87,-83.56,50.0,66,1,4.7
237,Susuman,RU,2020-10-30 23:36:30,62.78,148.17,11.7,93,100,3.33
238,Kollegal,IN,2020-10-30 23:36:30,12.15,77.12,65.68,80,11,0.36
239,Broken Hill,AU,2020-10-30 23:30:50,-31.95,141.43,55.4,82,90,21.92
240,Svetlogorsk,BY,2020-10-30 23:36:30,52.63,29.73,44.2,91,99,6.13
241,Plaridel,PH,2020-10-30 23:36:30,14.89,120.86,84.0,74,40,2.24
242,Severo-Yeniseyskiy,RU,2020-10-30 23:36:30,60.37,93.04,-1.53,93,0,1.48
243,Urumqi,CN,2020-10-30 23:30:20,43.8,87.6,35.6,64,0,2.24
244,Inirida,CO,2020-10-30 23:36:30,3.87,-67.92,78.66,91,85,2.53
245,Rantepao,ID,2020-10-30 23:36:31,-2.97,119.9,74.59,73,93,0.16
246,Flin Flon,CA,2020-10-30 23:36:31,54.77,-101.86,21.2,92,90,10.29
247,Sisimiut,GL,2020-10-30 23:31:09,66.94,-53.67,20.75,91,87,6.82
248,Mashhad,IR,2020-10-30 23:36:31,36.3,59.61,42.8,41,0,4.7
249,Ancud,CL,2020-10-30 23:30:56,-41.87,-73.82,59.0,58,0,6.93
250,Asau,RO,2020-10-30 23:33:19,46.43,26.4,43.0,97,82,4.25
251,Gaoua,BF,2020-10-30 23:36:31,10.3,-3.25,77.99,40,12,2.08
252,Katherine,AU,2020-10-30 23:30:44,-14.47,132.27,86.0,55,3,10.29
253,Kautokeino,NO,2020-10-30 23:36:31,69.01,23.04,14.81,90,0,11.83
254,Trincomalee,LK,2020-10-30 23:36:31,8.57,81.23,77.92,88,87,6.85
255,Tura,IN,2020-10-30 23:30:26,25.52,90.22,72.05,84,87,3.6
256,Namibe,AO,2020-10-30 23:36:31,-15.2,12.15,73.47,77,54,4.09
257,Khanpur,PK,2020-10-30 23:36:31,28.65,70.66,64.02,28,0,3.8
258,Omsukchan,RU,2020-10-30 23:36:31,62.53,155.8,14.49,91,67,5.61
259,Sambava,MG,2020-10-30 23:36:32,-14.27,50.17,70.43,82,44,12.44
260,Beloha,MG,2020-10-30 23:36:32,-25.17,45.05,64.98,62,0,9.84
261,Shimoda,JP,2020-10-30 23:31:21,34.67,138.95,59.0,44,20,20.8
262,Cherskiy,RU,2020-10-30 23:30:09,68.75,161.3,6.42,91,100,5.55
263,Alexandria,EG,2020-10-30 23:36:32,31.22,29.96,75.2,64,40,6.93
264,Chadiza,ZM,2020-10-30 23:36:32,-14.07,32.44,66.69,52,29,2.89
265,Russell,US,2020-10-30 23:36:32,32.35,-85.2,64.4,67,1,4.7
266,Tomatlan,MX,2020-10-30 23:30:21,19.93,-105.25,80.67,82,88,2.75
267,Viedma,AR,2020-10-30 23:30:30,-40.81,-63.0,64.99,38,1,1.01
268,Tirschenreuth,DE,2020-10-30 23:36:33,49.88,12.33,51.01,96,83,1.01
269,Zhangjiakou,CN,2020-10-30 23:36:33,40.81,114.88,43.74,51,32,11.86
270,Kalmunai,LK,2020-10-30 23:30:30,7.42,81.82,77.74,84,95,8.66
271,Westport,US,2020-10-30 23:29:02,41.14,-73.36,39.2,80,90,8.05
272,Bilma,NE,2020-10-30 23:36:33,18.69,12.92,73.49,20,0,10.63
273,Zheleznodorozhnyy,RU,2020-10-30 23:30:13,55.75,38.0,41.0,86,75,2.24
274,Ola,RU,2020-10-30 23:31:22,59.58,151.28,31.8,95,100,12.28
275,Maxixe,MZ,2020-10-30 23:31:37,-23.86,35.35,72.41,82,53,9.69
276,Chuy,UY,2020-10-30 23:30:11,-33.7,-53.46,53.46,86,80,6.33
277,Kamenka,RU,2020-10-30 23:31:48,51.32,42.77,47.57,84,100,7.38
278,Pangoa,PE,2020-10-30 23:31:41,-12.12,-73.0,67.87,93,98,2.48
279,Holme,DK,2020-10-30 23:36:34,56.11,10.17,53.6,100,97,4.7
280,Merauke,ID,2020-10-30 23:36:34,-8.47,140.33,85.3,64,60,7.78
281,Damaturu,NG,2020-10-30 23:36:34,11.75,11.96,79.3,22,0,7.34
282,Fengzhen,CN,2020-10-30 23:36:34,40.44,113.15,37.49,62,1,9.04
283,Pathein,MM,2020-10-30 23:35:32,16.78,94.73,73.63,95,43,7.78
284,Avondale,US,2020-10-30 23:36:08,33.44,-112.35,84.99,16,75,6.93
285,Kirkkonummi,FI,2020-10-30 23:36:34,60.12,24.44,45.0,92,91,3.91
286,Quatre Cocos,MU,2020-10-30 23:36:34,-20.21,57.76,68.0,56,40,17.22
287,Sitka,US,2020-10-30 23:31:05,57.05,-135.33,42.8,81,90,9.17
288,Seoul,KR,2020-10-30 23:33:20,37.57,126.98,50.0,71,1,4.16
289,Carmen,MX,2020-10-30 23:31:56,18.63,-91.83,77.0,88,90,16.11
290,Khromtau,KZ,2020-10-30 23:36:34,50.25,58.43,38.64,69,95,10.02
291,Nuuk,GL,2020-10-30 23:36:35,64.18,-51.72,23.0,85,20,10.29
292,Rutul,RU,2020-10-30 23:36:35,41.54,47.42,53.6,81,20,6.93
293,Pacifica,US,2020-10-30 23:36:35,37.61,-122.49,62.6,59,20,16.11
294,Biloela,AU,2020-10-30 23:31:41,-24.42,150.5,83.52,50,24,20.42
295,Caborca,MX,2020-10-30 23:36:35,30.58,-111.1,86.0,19,32,3.0
296,De-Kastri,RU,2020-10-30 23:36:35,51.47,140.78,39.99,71,44,2.98
297,Pontal Do Parana,BR,2020-10-30 23:36:35,-25.65,-48.51,52.0,99,100,8.97
298,Kununurra,AU,2020-10-30 23:36:35,-15.77,128.73,86.0,66,65,4.7
299,Orasac,BA,2020-10-30 23:36:35,44.63,16.07,50.95,66,79,2.68
300,Khatanga,RU,2020-10-30 23:31:00,71.97,102.5,-9.83,84,0,6.62
301,Opole Lubelskie,PL,2020-10-30 23:36:35,51.15,21.97,46.99,47,100,0.96
302,Batemans Bay,AU,2020-10-30 23:34:11,-35.72,150.18,62.01,96,100,1.99
303,Kirksville,US,2020-10-30 23:36:20,40.19,-92.58,48.99,65,1,6.93
304,Ulladulla,AU,2020-10-30 23:36:36,-35.35,150.47,57.2,100,90,19.46
305,Richards Bay,ZA,2020-10-30 23:36:36,-28.78,32.04,67.89,83,99,14.34
306,Netrakona,BD,2020-10-30 23:36:36,24.88,90.72,76.12,81,100,5.86
307,Mehamn,NO,2020-10-30 23:30:23,71.04,27.85,30.27,94,71,6.69
308,Deputatskiy,RU,2020-10-30 23:30:23,69.3,139.9,3.49,96,100,1.48
309,Pervomayskoye,RU,2020-10-30 23:36:36,43.92,46.71,55.27,93,0,4.36
310,Turukhansk,RU,2020-10-30 23:36:36,65.82,87.98,6.26,92,100,9.33
311,Verkhnevilyuysk,RU,2020-10-30 23:36:36,63.45,120.32,-9.08,90,55,0.94
312,Narsaq,GL,2020-10-30 23:30:34,60.92,-46.05,24.8,73,40,4.7
313,Matamoros,MX,2020-10-30 23:30:07,25.53,-103.25,78.8,26,20,6.96
314,Vanavara,RU,2020-10-30 23:36:36,60.34,102.28,6.33,95,86,2.95
315,Moose Factory,CA,2020-10-30 23:31:02,51.26,-80.61,26.6,53,90,9.17
316,Saint-Georges,GD,2020-10-30 23:36:37,12.06,-61.75,84.2,79,40,20.8
317,Vallenar,CL,2020-10-30 23:36:37,-28.57,-70.76,61.09,54,0,2.84
318,Port Blair,IN,2020-10-30 23:30:09,11.67,92.75,80.37,84,82,10.8
319,Dunedin,NZ,2020-10-30 23:31:56,-45.87,170.5,64.04,61,100,8.34
320,Taitung,TW,2020-10-30 23:36:37,22.76,121.14,71.6,60,40,9.17
321,Jibuti,DJ,2020-10-30 23:36:37,11.5,42.5,82.4,78,20,3.36
322,Itapecerica,BR,2020-10-30 23:36:37,-20.47,-45.13,67.05,88,99,15.99
323,Alyangula,AU,2020-10-30 23:36:37,-13.85,136.42,84.2,70,27,7.65
324,Yelatma,RU,2020-10-30 23:36:37,54.97,41.75,38.43,94,99,2.37
325,Boyolangu,ID,2020-10-30 23:36:37,-8.12,111.89,77.74,81,80,1.28
326,Pochutla,MX,2020-10-30 23:36:37,15.74,-96.47,82.4,74,75,0.65
327,Devils Lake,US,2020-10-30 23:33:48,48.11,-98.87,37.99,86,75,16.11
328,Belmonte,BR,2020-10-30 23:36:37,-15.86,-38.88,77.0,83,0,6.93
329,Nemuro,JP,2020-10-30 23:36:37,43.32,145.57,48.96,66,30,21.7
330,Lianyuan,CN,2020-10-30 23:36:38,27.69,111.66,59.2,87,74,0.49
331,Bonthe,SL,2020-10-30 23:30:18,7.53,-12.51,78.48,87,39,6.53
332,Sainte-Martine,CA,2020-10-30 23:36:38,45.25,-73.8,28.4,73,66,2.44
333,Fairbanks,US,2020-10-30 23:27:09,64.84,-147.72,15.01,85,90,1.9
334,San Policarpo,PH,2020-10-30 23:36:38,12.18,125.51,83.05,80,100,13.8
335,Myra,IT,2020-10-30 23:36:38,45.44,12.13,51.8,93,47,2.24
336,Nagorsk,RU,2020-10-30 23:36:38,59.32,50.81,34.59,95,95,8.55
337,Tyazhinskiy,RU,2020-10-30 23:36:38,56.12,88.52,29.05,99,100,3.02
338,Porto,PT,2020-10-30 23:31:43,41.15,-8.61,59.0,87,0,8.05
339,Ekhabi,RU,2020-10-30 23:30:13,53.51,142.97,36.18,80,100,6.87
340,Ledyard,US,2020-10-30 23:36:38,41.44,-72.01,35.01,86,75,5.82
341,Buraydah,SA,2020-10-30 23:35:32,26.33,43.98,64.4,27,0,2.24
342,Grajewo,PL,2020-10-30 23:36:38,53.65,22.46,42.21,92,44,5.23
343,Ibimirim,BR,2020-10-30 23:35:22,-8.54,-37.69,79.61,59,100,15.41
344,Vestmannaeyjar,IS,2020-10-30 23:31:40,63.44,-20.27,45.95,76,41,21.18
345,Cayenne,GF,2020-10-30 23:27:59,4.93,-52.33,82.4,88,0,4.7
346,Sinop,TR,2020-10-30 23:36:39,41.77,34.87,54.52,85,82,6.53
347,Bloemfontein,ZA,2020-10-30 23:36:39,-29.12,26.21,60.8,87,97,6.93
348,Angoche,MZ,2020-10-30 23:36:39,-16.23,39.91,74.95,79,9,3.62
349,Morant Bay,JM,2020-10-30 23:34:31,17.88,-76.41,84.2,79,20,3.36
350,Taoudenni,ML,2020-10-30 23:31:43,22.68,-3.98,75.79,20,94,10.36
351,Avigliana,IT,2020-10-30 23:36:39,45.08,7.4,51.01,85,0,1.01
352,Gdov,RU,2020-10-30 23:36:39,58.74,27.81,45.1,94,71,6.17
353,High Level,CA,2020-10-30 23:36:39,58.52,-117.14,26.6,92,90,3.36
354,Bambous Virieux,MU,2020-10-30 23:30:36,-20.34,57.76,68.0,56,40,17.22
355,Jacareacanga,BR,2020-10-30 23:36:40,-6.22,-57.75,76.55,85,100,2.24
356,Oudtshoorn,ZA,2020-10-30 23:36:40,-33.59,22.2,51.8,76,0,2.24
357,Takoradi,GH,2020-10-30 23:36:40,4.88,-1.76,78.48,84,63,4.72
358,Bergerac,FR,2020-10-30 23:36:40,44.83,0.5,52.0,100,24,4.7
359,Alice Springs,AU,2020-10-30 23:31:09,-23.7,133.88,68.0,28,1,13.87
360,Benjamin Hill,MX,2020-10-30 23:36:40,30.17,-111.1,78.17,18,81,6.98
361,Sao Paulo De Olivenca,BR,2020-10-30 23:36:40,-3.38,-68.87,77.86,91,92,4.76
362,Caldwell,US,2020-10-30 23:36:40,43.66,-116.69,71.6,22,40,9.17
363,Zeya,RU,2020-10-30 23:36:40,53.75,127.27,27.03,93,100,5.1
364,Jalu,LY,2020-10-30 23:36:22,29.03,21.55,62.47,73,35,10.11
365,Codrington,AU,2020-10-30 23:30:53,-38.27,141.97,55.53,82,56,12.75
366,Norman Wells,CA,2020-10-30 23:28:49,65.28,-126.83,14.0,92,90,4.7
367,Domoni,KM,2020-10-30 23:36:41,-12.26,44.53,76.69,80,83,4.63
368,Coihaique,CL,2020-10-30 23:31:05,-45.58,-72.07,66.2,42,0,3.36
369,Enshi,CN,2020-10-30 23:36:41,30.3,109.48,58.77,83,100,0.69
370,Muhos,FI,2020-10-30 23:36:41,64.81,25.99,24.8,100,90,3.36
371,Swellendam,ZA,2020-10-30 23:36:41,-34.02,20.44,48.2,81,0,2.24
372,Kawalu,ID,2020-10-30 23:36:41,-7.38,108.21,76.12,85,90,0.92
373,Surt,LY,2020-10-30 23:36:41,31.21,16.59,70.99,65,56,11.65
374,Karema,TZ,2020-10-30 23:36:41,-6.82,30.44,74.75,62,16,11.01
375,Broome,US,2020-10-30 23:30:40,42.25,-75.83,30.2,74,1,9.17
376,Baykit,RU,2020-10-30 23:31:08,61.67,96.37,1.02,88,32,3.11
377,Along,IN,2020-10-30 23:36:41,28.17,94.77,61.74,49,25,1.72
378,Zunyi,CN,2020-10-30 23:36:41,27.69,106.91,57.47,93,100,3.13
379,Kropotkin,RU,2020-10-30 23:36:41,45.44,40.58,63.0,70,71,1.7
380,Qaqortoq,GL,2020-10-30 23:30:20,60.72,-46.03,24.8,73,40,4.7
381,Rio Cuarto,AR,2020-10-30 23:36:41,-33.13,-64.35,66.2,39,0,11.41
382,Sola,VU,2020-10-30 23:30:42,-13.88,167.55,81.59,78,84,13.91
383,Luena,AO,2020-10-30 23:36:42,-11.78,19.92,62.73,91,44,3.42
384,Michigan City,US,2020-10-30 23:36:42,41.71,-86.89,37.99,74,1,6.42
385,Praia Da Vitoria,PT,2020-10-30 23:36:42,38.73,-27.07,71.6,83,40,8.37
386,Madras,IN,2020-10-30 23:35:15,13.09,80.28,77.0,94,40,3.36
387,Gravelbourg,CA,2020-10-30 23:36:42,49.88,-106.55,53.6,50,100,11.41
388,Wanning,CN,2020-10-30 23:36:42,18.8,110.4,76.51,85,69,13.06
389,Zhanakorgan,KZ,2020-10-30 23:36:42,43.91,67.25,42.42,62,0,7.65
390,Tunceli,TR,2020-10-30 23:36:42,39.11,39.55,69.8,21,75,5.82
391,Bairiki,KI,2020-10-30 23:31:39,1.33,172.98,87.8,62,20,14.99
392,Hami,CN,2020-10-30 23:31:21,42.8,93.45,33.03,76,0,5.03
393,Galle,LK,2020-10-30 23:35:50,6.04,80.22,78.51,84,100,5.88
394,Sur,OM,2020-10-30 23:31:30,22.57,59.53,71.87,65,0,7.31
395,Ngunguru,NZ,2020-10-30 23:36:43,-35.62,174.5,75.99,69,50,17.0
396,Punta Alta,AR,2020-10-30 23:36:43,-38.88,-62.07,61.47,41,0,8.21
397,Jaclupan,PH,2020-10-30 23:36:43,10.3,123.82,82.4,78,90,10.29
398,Camara De Lobos,PT,2020-10-30 23:36:43,32.63,-16.97,68.0,77,20,13.87
399,Monrovia,LR,2020-10-30 23:36:43,6.3,-10.8,77.0,94,75,8.52
400,Kaohsiung,TW,2020-10-30 23:36:43,22.62,120.31,77.0,57,75,2.24
401,Maine-Soroa,NE,2020-10-30 23:36:43,13.21,12.02,79.77,19,0,7.85
402,Emilio Carranza,MX,2020-10-30 23:36:43,19.97,-96.61,70.34,69,42,14.67
403,Tavricheskoye,RU,2020-10-30 23:36:43,54.59,73.64,32.0,95,90,4.47
404,Mandalgovi,MN,2020-10-30 23:31:27,45.76,106.27,24.26,80,18,10.45
405,Traverse City,US,2020-10-30 23:32:07,44.76,-85.62,35.6,74,90,3.2
406,Bafia,CM,2020-10-30 23:36:43,4.75,11.23,71.06,91,64,0.29
407,La Ronge,CA,2020-10-30 23:36:44,55.1,-105.28,21.2,92,100,18.34
408,Tarime,TZ,2020-10-30 23:36:44,-1.35,34.37,61.21,89,25,4.05
409,Owando,CG,2020-10-30 23:36:44,-0.48,15.9,70.93,98,78,2.48
410,Plettenberg Bay,ZA,2020-10-30 23:31:24,-34.05,23.37,52.77,71,0,3.04
411,Bambanglipuro,ID,2020-10-30 23:36:44,-7.95,110.28,79.59,80,97,1.7
412,Mitsamiouli,KM,2020-10-30 23:30:51,-11.38,43.28,78.39,77,90,10.38
413,Elat,IL,2020-10-30 23:31:19,29.56,34.95,80.6,54,0,11.41
414,Dongning,CN,2020-10-30 23:36:44,44.06,131.12,39.97,66,83,1.19
415,Bethlehem,BR,2020-10-30 23:32:42,-1.46,-48.5,82.4,78,0,8.05
416,Lucero,PH,2020-10-30 23:36:44,16.41,119.91,81.95,77,73,12.3
417,Morondava,MG,2020-10-30 23:36:44,-20.28,44.28,76.77,47,0,9.86
418,Rocha,UY,2020-10-30 23:30:57,-34.48,-54.33,46.54,86,100,3.78
419,Duminichi,RU,2020-10-30 23:36:45,53.93,35.11,40.03,93,92,1.79
420,Havre-Saint-Pierre,CA,2020-10-30 23:36:45,50.23,-63.6,23.0,73,1,2.24
421,High Rock,BS,2020-10-30 23:36:45,26.62,-78.28,80.6,88,40,11.41
422,Douentza,ML,2020-10-30 23:36:45,15.0,-2.95,79.12,16,0,4.9
423,Pagouria,GR,2020-10-30 23:36:45,41.03,25.32,48.99,73,10,1.01
424,Mazagao,BR,2020-10-30 23:36:45,-0.12,-51.29,84.2,74,0,10.29
425,General Roca,AR,2020-10-30 23:32:15,-39.03,-67.58,77.0,23,0,5.82
426,Porto Novo,BJ,2020-10-30 23:26:57,6.5,2.6,82.4,83,20,9.17
427,Ardakan,IR,2020-10-30 23:36:45,32.31,54.02,55.4,24,0,4.7
428,Homer,US,2020-10-30 23:36:45,59.64,-151.55,33.01,79,1,13.87
429,Luwingu,ZM,2020-10-30 23:36:45,-10.26,29.93,67.86,48,43,7.36
430,Santa Fe,AR,2020-10-30 23:36:45,-31.63,-60.7,61.0,51,77,1.99
431,La Tuque,CA,2020-10-30 23:33:18,47.43,-72.78,21.2,79,29,1.92
432,Kungurtug,RU,2020-10-30 23:36:45,50.6,97.52,22.1,92,97,3.94
433,Teahupoo,PF,2020-10-30 23:36:46,-17.83,-149.27,84.2,62,75,13.87
434,Phimai,TH,2020-10-30 23:36:46,15.22,102.49,75.0,100,51,5.82
435,Camacha,PT,2020-10-30 23:31:31,33.08,-16.33,68.0,82,40,10.29
436,Port Macquarie,AU,2020-10-30 23:28:32,-31.43,152.92,75.2,69,60,10.02
437,Oktyabrskiy,RU,2020-10-30 23:36:46,54.48,53.47,35.85,82,93,5.53
438,Lodja,CD,2020-10-30 23:36:47,-3.48,23.43,67.8,97,64,1.19
439,Mnogovershinnyy,RU,2020-10-30 23:30:15,53.94,139.92,31.37,94,92,2.04
440,Kiyasovo,RU,2020-10-30 23:36:47,56.35,53.12,35.01,92,100,6.67
441,Pedreiras,BR,2020-10-30 23:35:57,-4.57,-44.6,82.31,66,80,6.69
442,Ketchikan,US,2020-10-30 23:36:47,55.34,-131.65,46.4,70,90,9.17
443,Centralia,US,2020-10-30 23:36:47,46.72,-122.95,57.2,58,20,8.05
444,Kudahuvadhoo,MV,2020-10-30 23:36:48,2.67,72.89,82.04,75,93,9.1
445,Milledgeville,US,2020-10-30 23:32:17,33.08,-83.23,61.0,78,0,5.35
446,Lebedyn,UA,2020-10-30 23:36:48,50.59,34.48,46.49,89,100,7.09
447,Kushmurun,KZ,2020-10-30 23:36:48,52.45,64.63,35.15,83,20,7.25
448,Pimenta Bueno,BR,2020-10-30 23:36:48,-11.67,-61.19,75.33,89,82,2.44
449,Tupik,RU,2020-10-30 23:36:48,54.43,119.93,17.53,94,100,4.63
450,Sorkjosen,NO,2020-10-30 23:36:48,69.8,20.93,26.15,86,0,17.07
451,Harbour Breton,CA,2020-10-30 23:36:48,47.48,-55.8,37.99,100,94,16.02
452,Hamilton,US,2020-10-30 23:30:23,39.18,-84.53,46.99,65,75,4.7
453,Bongaree,AU,2020-10-30 23:36:48,-27.08,153.16,84.0,56,32,8.99
454,Kendallville,US,2020-10-30 23:36:48,41.44,-85.27,39.2,90,90,6.17
455,Tumpat,MY,2020-10-30 23:36:48,6.2,102.17,75.2,94,20,2.24
456,Gaoual,GN,2020-10-30 23:36:49,11.75,-13.2,72.52,50,1,2.95
457,Pacific Grove,US,2020-10-30 23:31:08,36.62,-121.92,66.0,77,1,9.17
458,Pastavy,BY,2020-10-30 23:35:21,55.12,26.83,44.13,93,96,2.86
459,Toamasina,MG,2020-10-30 23:36:49,-18.17,49.38,69.8,83,40,8.05
460,The Valley,AI,2020-10-30 23:36:49,18.22,-63.06,84.2,74,75,10.29
461,Drabiv,UA,2020-10-30 23:36:49,49.96,32.15,48.76,90,100,5.95
462,Berlevag,NO,2020-10-30 23:36:49,70.86,29.09,31.32,92,96,8.43
463,Campbell River,CA,2020-10-30 23:35:27,50.02,-125.24,53.6,46,20,11.41
464,Mananjary,MG,2020-10-30 23:36:49,-21.22,48.33,67.6,79,26,3.15
465,Dabat,ET,2020-10-30 23:36:49,12.98,37.77,51.46,68,3,0.72
466,Mount Isa,AU,2020-10-30 23:32:11,-20.73,139.5,75.2,23,0,12.75
467,Padang,ID,2020-10-30 23:30:32,-0.95,100.35,79.07,75,93,3.22
468,Vila,PT,2020-10-30 23:36:49,42.03,-8.16,54.0,94,0,1.99
469,Ostrovnoy,RU,2020-10-30 23:30:25,68.05,39.51,34.16,90,96,18.23
470,Nouakchott,MR,2020-10-30 23:36:49,18.09,-15.98,77.0,73,0,17.22
471,Todos Santos,MX,2020-10-30 23:36:50,23.45,-110.22,81.0,54,65,3.0
472,Gorontalo,ID,2020-10-30 23:36:50,0.54,123.06,85.01,65,86,2.04
473,Bad Krozingen,DE,2020-10-30 23:36:50,47.92,7.7,48.99,88,0,1.97
474,Changping,CN,2020-10-30 23:36:50,40.22,116.22,57.0,93,76,4.47
475,Hella,NO,2020-10-30 23:36:50,67.2,14.43,39.2,55,0,23.04
476,Tiarei,PF,2020-10-30 23:32:22,-17.53,-149.33,84.2,62,75,13.87
477,Mahibadhoo,MV,2020-10-30 23:31:05,3.78,72.97,82.06,75,85,7.87
478,Umm Kaddadah,SD,2020-10-30 23:31:15,13.6,26.69,83.07,21,0,14.58
479,Hirna,ET,2020-10-30 23:36:50,9.22,41.1,57.24,86,19,4.36
480,Buenos Aires,AR,2020-10-30 23:35:39,-34.61,-58.38,61.0,67,0,11.41
481,Nueva Loja,EC,2020-10-30 23:36:50,0.08,-76.88,84.2,66,0,2.24
482,Wasilla,US,2020-10-30 23:33:09,61.58,-149.44,24.8,85,1,3.36
483,Yar-Sale,RU,2020-10-30 23:36:50,66.83,70.83,34.09,97,100,16.26
484,Santarem,BR,2020-10-30 23:36:50,-2.44,-54.71,78.8,88,20,3.36
485,Arenillas,ES,2020-10-30 23:36:50,41.35,-2.85,43.0,89,0,2.26
486,Tocopilla,CL,2020-10-30 23:36:50,-22.09,-70.2,62.6,59,19,7.23
487,Ryde,GB,2020-10-30 23:33:09,50.73,-1.16,57.0,96,86,5.01
488,Palmer,US,2020-10-30 23:30:35,42.16,-72.33,30.99,100,40,1.68
489,Puertollano,ES,2020-10-30 23:36:51,38.69,-4.11,57.99,64,3,1.99
490,Tonj,SS,2020-10-30 23:31:40,7.27,28.68,72.52,90,100,4.45
491,San Giovanni In Fiore,IT,2020-10-30 23:36:51,39.26,16.7,53.6,93,79,4.7
492,Kwinana,AU,2020-10-30 23:31:04,-32.25,115.77,72.0,83,75,7.78
493,Mariinskiy Posad,RU,2020-10-30 23:36:51,56.12,47.72,37.4,93,0,4.47
494,Lompoc,US,2020-10-30 23:30:39,34.64,-120.46,66.99,72,1,14.99
495,Tucuman,AR,2020-10-30 23:36:51,-26.82,-65.22,71.6,30,0,6.93
496,Corumba,BR,2020-10-30 23:36:51,-19.01,-57.65,86.0,70,86,6.93
497,Linares,CL,2020-10-30 23:32:10,-35.85,-71.6,63.9,61,0,2.86
498,Lavrentiya,RU,2020-10-30 23:30:34,65.58,-171.0,22.91,86,67,9.46
499,Klaksvik,FO,2020-10-30 23:30:35,62.23,-6.59,48.2,81,24,17.22
500,Channel-Port Aux Basques,CA,2020-10-30 23:36:51,47.57,-59.14,33.46,85,78,12.24
501,Tabou,CI,2020-10-30 23:36:51,4.42,-7.35,77.47,91,91,7.52
502,Terrace,CA,2020-10-30 23:30:57,54.52,-128.6,39.2,93,75,5.82
503,Karratha,AU,2020-10-30 23:35:45,-20.74,116.85,81.57,51,0,5.75
504,Salinopolis,BR,2020-10-30 23:36:52,-0.61,-47.36,79.83,80,40,11.74
505,Noumea,NC,2020-10-30 23:35:18,-22.28,166.46,86.0,45,20,6.93
506,Inhambane,MZ,2020-10-30 23:36:52,-23.86,35.38,72.95,81,54,10.71
507,San Lawrenz,MT,2020-10-30 23:36:52,36.06,14.2,64.0,88,20,4.7
508,Hastings,GB,2020-10-30 23:36:52,50.86,0.57,57.0,88,51,4.0
509,Biltine,TD,2020-10-30 23:36:52,14.53,20.92,79.39,20,25,11.03
510,Fukue,JP,2020-10-30 23:36:52,32.69,128.84,59.0,62,20,12.75
511,Hofn,IS,2020-10-30 23:30:25,64.25,-15.21,45.66,77,59,28.97
512,Pachino,IT,2020-10-30 23:36:52,36.72,15.09,60.8,77,15,3.36
513,Aswan,EG,2020-10-30 23:31:21,24.09,32.91,74.16,44,0,4.21
514,Christchurch,NZ,2020-10-30 23:30:45,-43.53,172.63,77.0,44,81,10.29
515,Akyab,MM,2020-10-30 23:36:52,20.15,92.9,78.35,83,59,8.46
